{"1": 241256.5292695198, "2": 227981.89159270143, "3": 217263.05670064385, "4": 210609.19037236844, "5": 206242.45243905, "6": 202044.66522801243, "7": 199674.36062710904, "8": 193445.87897534439, "9": 193609.60765981473, "10": 189728.6298983561, "11": 188409.12483382507, "12": 185836.93051299057, "13": 187457.34503860192, "14": 185850.89712828337, "15": 185324.70672995353, "16": 185420.44848491423, "17": 184582.47110167562, "18": 182556.72595903362, "19": 182066.30698349274, "20": 182189.1342402955, "21": 181511.04704187094, "22": 181540.1612144676, "23": 181229.3054766621, "24": 180985.61828950918, "25": 181780.5537099855, "26": 180897.35895654955, "27": 178881.26936216265, "28": 180641.09862525805, "29": 179224.9382050342, "30": 180405.13038671692, "31": 179455.89851420882, "32": 179037.854923075}